Patient _ID,WHSC1_Tx_Call
MMRF_1016,1
MMRF_1021,1
MMRF_1029,0
MMRF_1030,0
MMRF_1031,0
MMRF_1032,0
MMRF_1033,0
MMRF_1037,0
MMRF_1038,0
MMRF_1045,0
MMRF_1048,1
MMRF_1049,0
MMRF_1054,0
MMRF_1055,0
MMRF_1061,0
MMRF_1068,0
MMRF_1073,0
MMRF_1077,0
MMRF_1078,0
MMRF_1079,0
MMRF_1082,0
MMRF_1086,0
MMRF_1089,0
MMRF_1090,0
MMRF_1092,0
MMRF_1098,0
MMRF_1107,0
MMRF_1108,0
MMRF_1127,0
MMRF_1148,0
MMRF_1164,0
MMRF_1167,0
MMRF_1169,0
MMRF_1171,0
MMRF_1178,1
MMRF_1180,0
MMRF_1184,0
MMRF_1185,0
MMRF_1188,0
MMRF_1189,0
MMRF_1195,0
MMRF_1202,1
MMRF_1210,0
MMRF_1216,1
MMRF_1231,0
MMRF_1235,0
MMRF_1250,0
MMRF_1251,1
MMRF_1252,0
MMRF_1257,0
MMRF_1260,0
MMRF_1261,0
MMRF_1266,1
MMRF_1267,1
MMRF_1269,0
MMRF_1270,0
MMRF_1274,0
MMRF_1277,0
MMRF_1281,0
MMRF_1283,0
MMRF_1284,0
MMRF_1286,0
MMRF_1290,0
MMRF_1293,0
MMRF_1295,1
MMRF_1300,0
MMRF_1304,0
MMRF_1308,0
MMRF_1309,0
MMRF_1312,0
MMRF_1318,1
MMRF_1320,0
MMRF_1323,0
MMRF_1324,1
MMRF_1325,0
MMRF_1327,0
MMRF_1328,0
MMRF_1331,0
MMRF_1332,0
MMRF_1338,0
MMRF_1339,0
MMRF_1342,0
MMRF_1344,0
MMRF_1348,0
MMRF_1349,1
MMRF_1352,0
MMRF_1354,0
MMRF_1355,0
MMRF_1356,0
MMRF_1358,0
MMRF_1359,1
MMRF_1360,0
MMRF_1361,1
MMRF_1364,0
MMRF_1365,0
MMRF_1371,0
MMRF_1377,0
MMRF_1380,0
MMRF_1383,0
MMRF_1386,0
MMRF_1388,0
MMRF_1389,0
MMRF_1391,1
MMRF_1392,0
MMRF_1393,0
MMRF_1395,0
MMRF_1401,0
MMRF_1403,0
MMRF_1408,0
MMRF_1413,0
MMRF_1423,0
MMRF_1424,0
MMRF_1425,0
MMRF_1426,0
MMRF_1431,0
MMRF_1432,0
MMRF_1433,1
MMRF_1434,0
MMRF_1436,0
MMRF_1439,0
MMRF_1445,0
MMRF_1446,0
MMRF_1447,0
MMRF_1450,0
MMRF_1451,0
MMRF_1453,0
MMRF_1454,0
MMRF_1460,0
MMRF_1461,0
MMRF_1462,1
MMRF_1466,0
MMRF_1474,0
MMRF_1478,0
MMRF_1484,0
MMRF_1485,0
MMRF_1486,0
MMRF_1489,0
MMRF_1491,0
MMRF_1496,0
MMRF_1497,1
MMRF_1499,0
MMRF_1501,0
MMRF_1502,0
MMRF_1505,1
MMRF_1506,0
MMRF_1510,0
MMRF_1511,0
MMRF_1512,0
MMRF_1516,0
MMRF_1519,0
MMRF_1522,0
MMRF_1523,0
MMRF_1525,0
MMRF_1531,0
MMRF_1533,0
MMRF_1534,0
MMRF_1535,0
MMRF_1537,0
MMRF_1538,0
MMRF_1539,0
MMRF_1540,0
MMRF_1541,0
MMRF_1542,0
MMRF_1543,0
MMRF_1546,0
MMRF_1547,0
MMRF_1550,0
MMRF_1555,1
MMRF_1556,0
MMRF_1560,1
MMRF_1564,0
MMRF_1565,0
MMRF_1568,0
MMRF_1570,0
MMRF_1572,1
MMRF_1573,0
MMRF_1574,0
MMRF_1576,0
MMRF_1577,0
MMRF_1579,0
MMRF_1580,0
MMRF_1583,0
MMRF_1586,0
MMRF_1587,0
MMRF_1588,0
MMRF_1589,0
MMRF_1593,0
MMRF_1595,0
MMRF_1596,0
MMRF_1597,0
MMRF_1598,0
MMRF_1601,0
MMRF_1602,0
MMRF_1603,0
MMRF_1605,0
MMRF_1607,0
MMRF_1608,0
MMRF_1610,0
MMRF_1613,1
MMRF_1614,0
MMRF_1617,0
MMRF_1618,0
MMRF_1621,0
MMRF_1622,0
MMRF_1624,0
MMRF_1625,0
MMRF_1627,1
MMRF_1628,0
MMRF_1629,1
MMRF_1630,1
MMRF_1633,0
MMRF_1634,1
MMRF_1637,0
MMRF_1639,0
MMRF_1640,0
MMRF_1641,0
MMRF_1642,0
MMRF_1643,0
MMRF_1644,0
MMRF_1645,0
MMRF_1646,0
MMRF_1647,0
MMRF_1648,0
MMRF_1650,0
MMRF_1651,0
MMRF_1652,0
MMRF_1654,0
MMRF_1655,0
MMRF_1656,0
MMRF_1659,0
MMRF_1664,1
MMRF_1665,0
MMRF_1667,0
MMRF_1668,1
MMRF_1670,0
MMRF_1671,0
MMRF_1672,0
MMRF_1674,1
MMRF_1676,0
MMRF_1677,0
MMRF_1678,0
MMRF_1680,1
MMRF_1682,0
MMRF_1683,1
MMRF_1686,0
MMRF_1687,0
MMRF_1689,0
MMRF_1690,0
MMRF_1694,1
MMRF_1695,0
MMRF_1698,0
MMRF_1700,0
MMRF_1705,0
MMRF_1706,0
MMRF_1710,0
MMRF_1713,0
MMRF_1714,0
MMRF_1715,0
MMRF_1716,0
MMRF_1718,0
MMRF_1719,0
MMRF_1720,0
MMRF_1721,1
MMRF_1722,0
MMRF_1723,0
MMRF_1725,0
MMRF_1726,0
MMRF_1727,0
MMRF_1730,0
MMRF_1733,0
MMRF_1735,0
MMRF_1736,0
MMRF_1738,0
MMRF_1739,0
MMRF_1740,0
MMRF_1744,1
MMRF_1746,0
MMRF_1750,1
MMRF_1753,0
MMRF_1755,0
MMRF_1758,0
MMRF_1759,0
MMRF_1760,1
MMRF_1761,0
MMRF_1763,0
MMRF_1766,0
MMRF_1768,0
MMRF_1771,0
MMRF_1772,0
MMRF_1773,0
MMRF_1774,0
MMRF_1775,0
MMRF_1777,0
MMRF_1778,0
MMRF_1780,0
MMRF_1781,0
MMRF_1782,0
MMRF_1783,1
MMRF_1784,0
MMRF_1785,1
MMRF_1786,0
MMRF_1787,0
MMRF_1790,0
MMRF_1792,0
MMRF_1793,0
MMRF_1794,0
MMRF_1795,0
MMRF_1796,0
MMRF_1797,0
MMRF_1801,0
MMRF_1802,0
MMRF_1803,0
MMRF_1805,0
MMRF_1807,0
MMRF_1808,0
MMRF_1810,0
MMRF_1814,0
MMRF_1815,1
MMRF_1816,0
MMRF_1817,0
MMRF_1819,0
MMRF_1820,0
MMRF_1822,1
MMRF_1823,1
MMRF_1824,0
MMRF_1825,1
MMRF_1830,0
MMRF_1831,0
MMRF_1832,0
MMRF_1833,0
MMRF_1834,0
MMRF_1835,0
MMRF_1837,0
MMRF_1838,0
MMRF_1839,0
MMRF_1841,1
MMRF_1842,0
MMRF_1845,1
MMRF_1846,0
MMRF_1847,1
MMRF_1850,0
MMRF_1851,0
MMRF_1854,0
MMRF_1855,0
MMRF_1856,0
MMRF_1858,0
MMRF_1859,0
MMRF_1860,0
MMRF_1861,0
MMRF_1862,0
MMRF_1865,0
MMRF_1866,1
MMRF_1867,0
MMRF_1871,0
MMRF_1873,0
MMRF_1876,0
MMRF_1879,0
MMRF_1880,0
MMRF_1881,0
MMRF_1882,0
MMRF_1886,0
MMRF_1888,0
MMRF_1889,0
MMRF_1890,1
MMRF_1891,0
MMRF_1893,0
MMRF_1895,0
MMRF_1897,1
MMRF_1900,0
MMRF_1906,0
MMRF_1908,0
MMRF_1911,0
MMRF_1912,0
MMRF_1915,0
MMRF_1916,0
MMRF_1917,0
MMRF_1918,0
MMRF_1921,0
MMRF_1922,0
MMRF_1927,0
MMRF_1928,0
MMRF_1929,0
MMRF_1930,0
MMRF_1931,0
MMRF_1932,0
MMRF_1935,0
MMRF_1940,0
MMRF_1955,0
MMRF_1957,0
MMRF_1960,0
MMRF_1963,0
MMRF_1965,0
MMRF_1967,0
MMRF_1970,0
MMRF_1971,0
MMRF_1972,0
MMRF_1977,0
MMRF_1978,0
MMRF_1981,0
MMRF_1982,0
MMRF_1985,0
MMRF_1986,0
MMRF_1988,0
MMRF_1991,0
MMRF_1992,0
MMRF_1994,0
MMRF_1995,0
MMRF_1997,0
MMRF_1998,0
MMRF_1999,0
MMRF_2000,0
MMRF_2001,0
MMRF_2002,0
MMRF_2005,0
MMRF_2006,1
MMRF_2007,0
MMRF_2012,0
MMRF_2013,0
MMRF_2014,0
MMRF_2015,0
MMRF_2016,0
MMRF_2017,0
MMRF_2018,0
MMRF_2024,0
MMRF_2026,0
MMRF_2035,0
MMRF_2038,0
MMRF_2039,0
MMRF_2041,0
MMRF_2043,0
MMRF_2047,0
MMRF_2050,0
MMRF_2054,0
MMRF_2055,0
MMRF_2056,0
MMRF_2057,0
MMRF_2058,0
MMRF_2059,0
MMRF_2061,0
MMRF_2062,0
MMRF_2063,0
MMRF_2068,0
MMRF_2072,0
MMRF_2074,0
MMRF_2076,0
MMRF_2079,0
MMRF_2080,0
MMRF_2081,0
MMRF_2082,0
MMRF_2083,0
MMRF_2087,0
MMRF_2089,0
MMRF_2090,1
MMRF_2091,0
MMRF_2093,1
MMRF_2095,0
MMRF_2097,0
MMRF_2098,0
MMRF_2101,0
MMRF_2102,0
MMRF_2106,0
MMRF_2107,0
MMRF_2111,0
MMRF_2112,0
MMRF_2113,0
MMRF_2115,0
MMRF_2116,0
MMRF_2118,1
MMRF_2119,0
MMRF_2122,1
MMRF_2124,1
MMRF_2125,0
MMRF_2126,0
MMRF_2128,0
MMRF_2129,0
MMRF_2132,0
MMRF_2137,0
MMRF_2138,0
MMRF_2140,0
MMRF_2141,0
MMRF_2143,0
MMRF_2144,0
MMRF_2149,0
MMRF_2150,0
MMRF_2151,0
MMRF_2152,0
MMRF_2153,0
MMRF_2159,0
MMRF_2167,0
MMRF_2168,0
MMRF_2170,0
MMRF_2172,1
MMRF_2173,0
MMRF_2174,0
MMRF_2176,1
MMRF_2180,0
MMRF_2181,0
MMRF_2183,0
MMRF_2185,0
MMRF_2186,0
MMRF_2187,0
MMRF_2190,0
MMRF_2191,0
MMRF_2194,0
MMRF_2195,0
MMRF_2197,0
MMRF_2198,0
MMRF_2199,0
MMRF_2200,0
MMRF_2201,0
MMRF_2203,1
MMRF_2204,0
MMRF_2207,0
MMRF_2209,0
MMRF_2211,0
MMRF_2213,0
MMRF_2214,0
MMRF_2215,0
MMRF_2216,0
MMRF_2217,0
MMRF_2220,1
MMRF_2222,0
MMRF_2223,0
MMRF_2224,0
MMRF_2225,0
MMRF_2226,0
MMRF_2228,0
MMRF_2229,1
MMRF_2230,0
MMRF_2231,0
MMRF_2232,0
MMRF_2236,0
MMRF_2237,0
MMRF_2238,1
MMRF_2240,0
MMRF_2244,1
MMRF_2245,0
MMRF_2246,0
MMRF_2250,1
MMRF_2251,0
MMRF_2253,1
MMRF_2257,0
MMRF_2258,0
MMRF_2265,0
MMRF_2266,0
MMRF_2267,0
MMRF_2268,0
MMRF_2269,0
MMRF_2270,0
MMRF_2271,0
MMRF_2272,1
MMRF_2273,0
MMRF_2279,0
MMRF_2281,0
MMRF_2284,0
MMRF_2286,0
MMRF_2288,0
MMRF_2289,0
MMRF_2290,0
MMRF_2291,0
MMRF_2292,0
MMRF_2293,0
MMRF_2297,1
MMRF_2300,0
MMRF_2301,0
MMRF_2302,0
MMRF_2305,0
MMRF_2306,0
MMRF_2307,0
MMRF_2308,0
MMRF_2310,1
MMRF_2313,0
MMRF_2314,0
MMRF_2316,0
MMRF_2317,1
MMRF_2324,0
MMRF_2325,0
MMRF_2326,0
MMRF_2327,0
MMRF_2328,1
MMRF_2329,0
MMRF_2330,0
MMRF_2331,1
MMRF_2333,0
MMRF_2335,0
MMRF_2336,0
MMRF_2339,0
MMRF_2341,0
MMRF_2344,0
MMRF_2352,0
MMRF_2353,0
MMRF_2362,0
MMRF_2363,0
MMRF_2364,0
MMRF_2365,0
MMRF_2366,0
MMRF_2367,0
MMRF_2368,0
MMRF_2373,0
MMRF_2377,0
MMRF_2378,0
MMRF_2379,0
MMRF_2380,0
MMRF_2383,0
MMRF_2384,0
MMRF_2386,0
MMRF_2388,0
MMRF_2394,0
MMRF_2397,1
MMRF_2399,0
MMRF_2400,0
MMRF_2401,1
MMRF_2404,0
MMRF_2407,0
MMRF_2409,0
MMRF_2410,0
MMRF_2411,0
MMRF_2412,0
MMRF_2413,0
MMRF_2419,0
MMRF_2422,0
MMRF_2425,0
MMRF_2426,0
MMRF_2427,0
MMRF_2428,0
MMRF_2429,0
MMRF_2433,0
MMRF_2436,0
MMRF_2437,1
MMRF_2438,0
MMRF_2440,0
MMRF_2442,0
MMRF_2444,1
MMRF_2445,0
MMRF_2446,0
MMRF_2449,1
MMRF_2452,0
MMRF_2453,0
MMRF_2455,0
MMRF_2456,0
MMRF_2457,0
MMRF_2458,0
MMRF_2459,0
MMRF_2461,0
MMRF_2464,0
MMRF_2465,0
MMRF_2468,0
MMRF_2469,0
MMRF_2471,0
MMRF_2472,1
MMRF_2473,0
MMRF_2475,0
MMRF_2476,0
MMRF_2477,1
MMRF_2478,0
MMRF_2480,0
MMRF_2485,0
MMRF_2486,0
MMRF_2487,0
MMRF_2488,0
MMRF_2489,0
MMRF_2490,0
MMRF_2497,0
MMRF_2498,0
MMRF_2499,0
MMRF_2501,0
MMRF_2503,0
MMRF_2504,0
MMRF_2505,1
MMRF_2506,0
MMRF_2507,0
MMRF_2511,0
MMRF_2514,0
MMRF_2515,0
MMRF_2516,0
MMRF_2517,0
MMRF_2518,0
MMRF_2519,0
MMRF_2522,0
MMRF_2523,0
MMRF_2524,0
MMRF_2525,0
MMRF_2526,0
MMRF_2531,1
MMRF_2532,0
MMRF_2535,0
MMRF_2538,1
MMRF_2539,0
MMRF_2541,0
MMRF_2543,1
MMRF_2545,0
MMRF_2546,0
MMRF_2548,0
MMRF_2549,0
MMRF_2550,0
MMRF_2554,0
MMRF_2557,0
MMRF_2559,1
MMRF_2560,0
MMRF_2562,0
MMRF_2563,1
MMRF_2564,0
MMRF_2566,0
MMRF_2567,1
MMRF_2568,0
MMRF_2570,0
MMRF_2572,0
MMRF_2573,0
MMRF_2574,0
MMRF_2577,0
MMRF_2579,0
MMRF_2580,0
MMRF_2581,0
MMRF_2583,0
MMRF_2584,0
MMRF_2587,0
MMRF_2590,0
MMRF_2592,0
MMRF_2593,0
MMRF_2595,0
MMRF_2596,0
MMRF_2597,0
MMRF_2598,0
MMRF_2599,0
MMRF_2601,0
MMRF_2602,1
MMRF_2604,1
MMRF_2605,0
MMRF_2606,0
MMRF_2608,0
MMRF_2609,0
MMRF_2613,0
MMRF_2614,0
MMRF_2621,1
MMRF_2622,0
MMRF_2624,0
MMRF_2628,0
MMRF_2630,0
MMRF_2631,0
MMRF_2634,0
MMRF_2635,0
MMRF_2636,1
MMRF_2637,0
MMRF_2638,0
MMRF_2639,0
MMRF_2640,0
MMRF_2641,0
MMRF_2642,0
MMRF_2643,0
MMRF_2646,0
MMRF_2647,0
MMRF_2650,0
MMRF_2651,0
MMRF_2652,0
MMRF_2654,0
MMRF_2655,0
MMRF_2659,0
MMRF_2660,1
MMRF_2664,0
MMRF_2665,0
MMRF_2666,1
MMRF_2667,0
MMRF_2669,0
MMRF_2670,1
MMRF_2671,0
MMRF_2675,0
MMRF_2676,0
MMRF_2677,0
MMRF_2678,0
MMRF_2679,1
MMRF_2680,0
MMRF_2681,1
MMRF_2682,1
MMRF_2685,0
MMRF_2688,0
MMRF_2689,1
MMRF_2690,0
MMRF_2691,0
MMRF_2692,0
MMRF_2694,1
MMRF_2695,0
MMRF_2696,0
MMRF_2698,0
MMRF_2699,0
MMRF_2700,0
MMRF_2701,0
MMRF_2702,0
MMRF_2703,0
MMRF_2704,0
MMRF_2705,0
MMRF_2706,1
MMRF_2707,0
MMRF_2708,0
MMRF_2709,0
MMRF_2711,0
MMRF_2714,0
MMRF_2715,0
MMRF_2716,0
MMRF_2718,0
MMRF_2719,1
MMRF_2720,0
MMRF_2721,0
MMRF_2722,1
MMRF_2723,0
MMRF_2727,0
MMRF_2728,0
MMRF_2729,0
MMRF_2730,0
MMRF_2731,0
MMRF_2732,0
MMRF_2733,0
MMRF_2734,0
MMRF_2737,0
MMRF_2738,0
MMRF_2739,0
MMRF_2740,0
MMRF_2742,0
MMRF_2743,0
MMRF_2745,0
MMRF_2746,1
MMRF_2750,0
MMRF_2751,1
MMRF_2752,0
MMRF_2753,0
MMRF_2754,0
MMRF_2755,0
MMRF_2756,0
MMRF_2757,0
MMRF_2758,0
MMRF_2760,0
MMRF_2761,0
MMRF_2762,0
MMRF_2763,0
MMRF_2764,0
MMRF_2765,0
MMRF_2767,1
MMRF_2768,0
MMRF_2769,0
MMRF_2770,0
MMRF_2772,0
MMRF_2774,1
MMRF_2775,0
MMRF_2776,0
MMRF_2778,0
MMRF_2779,0
MMRF_2781,0
MMRF_2782,0
MMRF_2787,0
MMRF_2788,0
MMRF_2789,0
MMRF_2792,0
MMRF_2793,0
MMRF_2794,0
MMRF_2795,0
MMRF_2799,1
MMRF_2801,0
MMRF_2805,0
MMRF_2807,0
MMRF_2808,0
MMRF_2813,0
MMRF_2814,0
MMRF_2815,1
MMRF_2816,0
MMRF_2817,0
MMRF_2818,0
MMRF_2819,0
MMRF_2820,0
MMRF_2821,0
MMRF_2822,0
MMRF_2823,0
MMRF_2826,0
MMRF_2827,0
MMRF_2828,1
MMRF_2829,0
MMRF_2830,0
MMRF_2831,0
MMRF_2832,0
MMRF_2833,0
MMRF_2834,0
MMRF_2835,1
MMRF_2836,0
MMRF_2838,1
MMRF_2839,1
MMRF_2840,0
MMRF_2847,0
MMRF_2848,1
MMRF_2851,0
MMRF_2853,0
MMRF_2903,0
MMRF_2905,0
MMRF_2908,0
MMRF_2910,0
MMRF_2911,0
MMRF_2912,0
MMRF_2913,0
MMRF_2914,0
MMRF_2915,0
MMRF_2916,1
MMRF_2917,0
MMRF_2918,0
MMRF_2919,0
MMRF_2924,0
MMRF_2926,0
MMRF_2933,0
MMRF_2936,0
MMRF_2938,0
MMRF_2939,0
MMRF_2940,0
MMRF_2941,0
MMRF_2942,0
MMRF_2943,0
MMRF_2946,0
MMRF_2947,0
MMRF_2952,0
